<?xml version="1.0" encoding="UTF-8"?>
<!DOCTYPE mapper PUBLIC "-//mybatis.com//DTD Mapper 3.0//EN" "http://mybatis.org/dtd/mybatis-3-mapper.dtd">

<mapper namespace="Bcnc">

    <sql id="bcncSelect">
        SELECT BCNC_SN
             , BCNC_NM
             , BSNM_REGIST_NO
             , FNDTNZ_DE
             , USE_AT
             , REGIST_DT
             , REGISTER_ID
             , UPDT_DT
             , UPDUSR_ID
          FROM TN_BCNC TB
    </sql>

    <sql id="bcncWhere">
           AND USE_AT = 'Y'
<!--         <if test="searchCondition == 'userId' and searchKeyword != ''"> -->
<!--         </if> -->
    </sql>

    <select id="selectBcncList" parameterType="com.neo.convergence.mngr.bcnc.model.BcncVO" resultType="com.neo.convergence.mngr.bcnc.model.BcncVO">
        /* Bcnc.selectBcncList */
        <include refid="bcncSelect"/>
         WHERE 1 = 1 
        <include refid="bcncWhere"/>
    </select>

    <select id="selectBcnc" parameterType="com.neo.convergence.mngr.bcnc.model.BcncVO" resultType="com.neo.convergence.mngr.bcnc.model.BcncVO">
        /* Bcnc.selectBcnc */
        <include refid="bcncSelect"/>
         WHERE 1 = 1
           AND TB.BCNC_SN = #{bcncSn}
        <include refid="bcncWhere"/>
    </select>

    <insert id="insertBcnc" parameterType="com.neo.convergence.mngr.bcnc.model.BcncVO">
        /* Bcnc.insertBcnc */
        INSERT INTO TN_BCNC (
            BCNC_SN
          , BCNC_NM
          , BSNM_REGIST_NO
          , FNDTNZ_DE
          , USE_AT
          , REGIST_DT
          , REGISTER_ID
          , UPDT_DT
          , UPDUSR_ID
        ) VALUES (
            SQ_BCNC_SN.NEXTVAL
          , #{bcncNm}
          , #{bsnmRegistNo}
          , #{fndtnzDe}
          , #{useAt}
          , SYSDATE
          , #{registerId}
          , SYSDATE
          , #{updusrId}
        )
    </insert>

    <update id="updateBcnc" parameterType="com.neo.convergence.mngr.bcnc.model.BcncVO">
        /* Bcnc.updateBcnc */
        UPDATE TN_BCNC TB
           SET BCNC_NM          = #{bcncNm}
             , BSNM_REGIST_NO   = #{bsnmRegistNo}
	         , FNDTNZ_DE        = #{fndtnzDe}
	         , USE_AT           = #{useAt}
	         , UPDT_DT          = SYSDATE
	         , UPDUSR_ID        = #{updusrId}
         WHERE BCNC_SN = #{bcncSn}
    </update>

    <update id="deleteBcnc" parameterType="com.neo.convergence.mngr.bcnc.model.BcncVO">
        /* Bcnc.deleteBcnc */
        UPDATE TN_BCNC
           SET USE_AT = 'N'
         WHERE BCNC_SN = #{bcncSn}
    </update>

    <select id="selectBcncView" parameterType="com.neo.convergence.mngr.bcnc.model.BcncVO"  resultType="com.neo.convergence.mngr.bcnc.model.BcncVO">
    /* Bcnc.selectBcncView */
      SELECT BCNC_SN
             , BCNC_NM
             , BSNM_REGIST_NO
             , FNDTNZ_DE
             , USE_AT
             , REGIST_DT
             , REGISTER_ID
             , UPDT_DT
             , UPDUSR_ID
          FROM TN_BCNC2
         WHERE BCNC_SN = #{bcncSn}
    </select>
</mapper>