<?xml version="1.0" encoding="UTF-8"?>
<!DOCTYPE mapper PUBLIC "-//mybatis.com//DTD Mapper 3.0//EN" "http://mybatis.org/dtd/mybatis-3-mapper.dtd">
  

<mapper namespace="Board">

    <insert id="write" parameterType="com.neo.convergence.mngr.board.model.BoardVo">
        insert into t_board (bno,writer,title,content,seq) 
        values (board_seq.nextval,#{writer},#{title},#{content},board_seq.nextval)
    </insert>

    <update id="update" parameterType="com.neo.convergence.mngr.board.model.BoardVo">
        update t_board set content=#{content},title=#{title},writer=#{writer} where bno=#{bno}
    </update>
    
<update id="upcnt" parameterType="Integer">
update t_board set VIEW_CNT=view_cnt+1 where bno=#{bno}
</update>

<delete id="delete">
delete from t_board where bno=#{bno}
</delete>

<delete id="deleteRef">
delete from t_board where ref_bno=#{bno}
</delete>


<select id="read" resultType="com.neo.convergence.mngr.board.model.BoardVo">
select bno,title,writer,view_cnt,reg_date,content,ref_bno from t_board where bno=#{bno}
</select>

    <select id="list" resultType="com.neo.convergence.mngr.board.model.BoardVo">
        SELECT bno,title,writer,reg_date,view_cnt,comment_cnt,ref_bno  FROM (SELECT ROW_NUMBER() OVER(ORDER BY A.bno desc ) NUM
        , A.*
            FROM t_board A  
         ORDER BY A.bno desc)  where num between #{rowStart} and #{rowEnd}

	</select>

	

	<sql id="forsearch">
		<if test="keyword !=null">	
			
		<if test="searchType=='a'.toString()">
			 title like '%' || #{keyword} || '%' or content like  '%' ||  #{keyword} || '%'  or writer like '%' ||  #{keyword} || '%'  or reg_date like  '%' ||  #{keyword} || '%'  
		</if>
		<if test="searchType=='t'.toString()">
		 title like  '%' ||  #{keyword} || '%' 
		</if>
		<if test="searchType=='c'.toString()">
			content like  '%' ||  #{keyword} || '%' 
		</if>
		<if test="searchType=='w'.toString()">
			writer like  '%' ||  #{keyword} || '%' 
		</if>
		<if test="searchType=='r'.toString()">
			 reg_date like  '%' ||  #{keyword} || '%' 
		</if>
			and
		</if>
	</sql>
	
	
	
	<select id="search" resultType="com.neo.convergence.mngr.board.model.BoardVo"  parameterType="com.neo.convergence.mngr.board.model.Criteria">
	 SELECT bno,title,writer,reg_date,view_cnt,comment_cnt,ref_bno,seq,num FROM (SELECT ROW_NUMBER() OVER(ORDER BY A.seq desc ) NUM
	     , A.*
	  FROM t_board A   where
		<include refid="forsearch"></include>	 
			bno>0
	 ORDER BY A.seq desc,A.reg_date asc)  where num between #{rowStart} and #{rowEnd}
	</select> 

	<select id="searchCount" resultType="int">	
	  	select count(bno)  FROM t_board  where
		<include refid="forsearch"/>	
	    bno>0
	</select>
	
    <select id="count" resultType="int">
	 
    select count(bno)  FROM t_board where bno>0
    </select>

<select id="check" resultType="String">
select password from t_board where bno=#{bno} 

</select>

<select id="refbno" resultType="Integer">
select ref_bno from t_board where bno=#{bno} 

</select>

<insert id="writeRe" parameterType="com.neo.convergence.mngr.board.model.BoardVo">
insert into t_board (bno,writer,title,content,ref_bno,seq) values (board_seq.nextval,#{writer},#{title},#{content},#{refbno},#{refbno})
</insert>
<update id="seq">
update t_board set seq=#{bno} where bno=#{bno}
</update>

</mapper>