<?xml version="1.0" encoding="UTF-8"?>
<!DOCTYPE mapper
  PUBLIC "-//mybatis.org//DTD Mapper 3.0//EN"
  "http://mybatis.org/dtd/mybatis-3-mapper.dtd">

<mapper namespace="CommentMapper">

<insert id="write">
<![CDATA[insert into t_comment (cno,ref_bno,writer,content) values(comment_seq.nextval,#{refbno},#{writer},#{content})]]>
</insert>

<update id="upcomcnt"  parameterType="com.neo.convergence.mngr.board.model.CommentVo">
update t_board set comment_cnt=comment_cnt+1 where bno=#{bno}
</update>
<select id="read" resultType="com.neo.convergence.mngr.board.model.CommentVo">
select cno,writer,reg_date,content,ref_bno from t_comment where cno=#{cno}
</select>

<update id="deleteCas">
UPDATE t_COMMENT SET DELETE_AT=0,UPDATE_DATE=SYSDATE,UPDATE_ID=#{ID} where ref_bno=#{bno}
</update>
<update id="downCom">
update t_board set comment_cnt=comment_cnt-1 where bno=#{bno}
</update>

<select id="list" resultType="com.neo.convergence.mngr.board.model.CommentVo">
<![CDATA[select ref_bno,content,reg_date,writer,cno from t_comment where ref_bno=#{refbno} AND DELETE_AT=1]]>
</select>


<update id="update" parameterType="com.neo.convergence.mngr.board.model.CommentVo">
update t_comment set content=#{content},writer=#{writer},UPDATE_DATE=SYSDATE,UPDATE_ID=#{ID} where cno=#{cno}
</update>



<update id="delete" parameterType="com.neo.convergence.mngr.board.model.CommentVo">
<![CDATA[UPDATE t_COMMENT SET DELETE_AT=0,UPDATE_DATE=SYSDATE,UPDATE_ID=#{ID} where cno=#{cno}]]>
</update>


<select id="listCount" resultType="int">
<![CDATA[select count(cno) from comment where cno>0 and ref_bno=#{bno} AND DELETE_AT=1]]>

</select>




</mapper>