<?xml version="1.0" encoding="UTF-8"?>
<!DOCTYPE mapper PUBLIC "-//mybatis.com//DTD Mapper 3.0//EN" "http://mybatis.org/dtd/mybatis-3-mapper.dtd">
  

<mapper namespace="Dept">


<insert id="insert">
    INSERT INTO T_DEPT
        (DEPT_ID,DEPT_NAME,UPPER_DEPT_ID,LEADER,REG_ID,REG_DATE)
            VALUES (DEPT_SEQ.NEXTVAL,#{deptName},#{upperDeptId},#{keyword},#{regId},SYSDATE)

</insert>
<update id="newMem">
    UPDATE T_MEMBER
    SET DEPT_ID=#{deptId} ,UPDATE_ID=#{updateId},UPDATE_DATE=SYSDATE
    WHERE ID=#{id} 
</update>
<update id="newLeader">
    UPDATE T_DEPT
    SET LEADER=#{keyword},UPDATE_ID=#{id},UPDATE_DATE=SYSDATE
    WHERE DEPT_Id=#{deptId}
</update>
<select id="upper" resultType="com.neo.convergence.mngr.board.model.DeptVo">
    SELECT * FROM T_DEPT
    WHERE DELETE_AT=1 AND UPPER_DEPT_ID=#{deptId}
</select>
<select id="me" resultType="com.neo.convergence.mngr.board.model.DeptVo">
    SELECT * FROM T_DEPT
    WHERE DELETE_AT=1 AND DEPT_ID=#{deptId}
</select>
<select id="parent" resultType="com.neo.convergence.mngr.board.model.DeptVo">
    SELECT * FROM T_DEPT
    WHERE DELETE_AT=1 AND UPPER_DEPT_ID=0
</select>
<select id="allMem" resultType="com.neo.convergence.mngr.board.model.MemberVo">
        SELECT  * 
        FROM (
        SELECT * 
        FROM T_MEMBER A 
        JOIN T_DEPT B 
        ON A.DEPT_ID=B.DEPT_ID
         WHERE A.DELETE_AT=1 
         AND A.DEPT_ID=#{deptId}) 
</select>
<update id="deptchange">
    UPDATE T_MEMBER
    SET DEPT_ID=NULL
    WHERE ID=#{id}
</update>
   <select id="list" resultType="com.neo.convergence.mngr.board.model.MemberVo">
        select * from 
         (SELECT ROW_NUMBER() OVER(ORDER BY A.reg_date desc ) NUM
         , A.*
      FROM t_member A   where
        <include refid="forsearch"></include>    
         DELETE_AT=1   
     ORDER BY A.reg_date desc) WHERE NUM between #{rowStart} and #{rowEnd}
    </select> 
    <sql id="forsearch">
        <if test="keyword !=null">  
            
     
        <if test="searchType=='n'.toString()">
         name like  '%' ||  #{keyword} || '%' 
        </if>
        <if test="searchType=='i'.toString()">
           id like  '%' ||  #{keyword} || '%' 
        </if>
        <if test="searchType=='g'.toString()">
           gender like  '%' ||  #{keyword} || '%' 
        </if>
       
            and
        </if>
    </sql>

</mapper>