<?xml version="1.0" encoding="UTF-8"?>
<!DOCTYPE mapper
  PUBLIC "-//mybatis.org//DTD Mapper 3.0//EN"
  "http://mybatis.org/dtd/mybatis-3-mapper.dtd">
  
<mapper namespace="MemberMapper">

    <insert id="insert" parameterType="com.neo.convergence.mngr.board.model.MemberVo">
        insert into 
        t_member
            (id,pw,name,birth,gender,email,phone,reg_Id)
         values (#{id},#{pw},#{name},#{birth},#{gender},#{email},#{phone},#{regId})
    </insert>
    <select id="idcheck" parameterType="String" resultType="String">
        select id from t_member where id=#{id} 
    </select>
    <select id="login"  resultType="com.neo.convergence.mngr.board.model.MemberVo">
        select id ,pw
         from t_member
          where id=#{id}
           and Pw=#{pw} 
           AND DELETE_AT=1
    </select>
    <select id="read"  resultType="com.neo.convergence.mngr.board.model.MemberVo">
        select * from t_member where id=#{id}  AND DELETE_AT=1
    </select>
    

     <delete id="delete"  parameterType="String">
      UPDATE t_MEMBER SET DELETE_AT=0,UPDATE_DATE=SYSDATE,UPDATE_ID=#{updateId} where  id=#{id}
    </delete>
<sql id="forsearch">
        <if test="keyword !=null">  
            
     
        <if test="searchType=='n'.toString()">
         name like  '%' ||  #{keyword} || '%' 
        </if>
        <if test="searchType=='i'.toString()">
           id like  '%' ||  #{keyword} || '%' 
        </if>
        <if test="searchType=='g'.toString()">
           gender like  '%' ||  #{keyword} || '%' 
        </if>
       
            and
        </if>
    </sql>
      <select id="authority" resultType="int">
        SELECT AUTHORITY
        FROM T_MEMBER
        WHERE ID=#{updateId} AND DELETE_AT=1 
    </select>
    <select id="list" resultType="com.neo.convergence.mngr.board.model.MemberVo">
        select * from 
         (SELECT ROW_NUMBER() OVER(ORDER BY A.reg_date desc ) NUM
         , A.*
      FROM t_member A   where
        <include refid="forsearch"></include>    
         DELETE_AT=1   
     ORDER BY A.reg_date desc) WHERE NUM between #{rowStart} and #{rowEnd}
    </select> 
    
    <select id="count" resultType="int">   
        select count(id)  FROM t_member  where
        <include refid="forsearch"/>    
        DELETE_AT=1
    </select>
    <select id="total" resultType="int">   
      select count(id)  FROM t_member  where
     
        DELETE_AT=1
        </select>
    <update id="update" >
        UPDATE T_MEMBER
        SET PW=#{pw}
        ,EMAIL=#{email}
        ,PHONE=#{phone}
        ,UPDATE_DATE=SYSDATE
        ,UPDATE_ID=#{updateId}
        WHERE ID=#{id}  AND DELETE_AT=1
    </update>
    
    <update id="admin">
        UPDATE T_MEMBER
         SET AUTHORITY=1
          ,UPDATE_ID=#{updateId}
          ,UPDATE_DATE=SYSDATE 
      WHERE ID=#{Id}  AND DELETE_AT=1
    </update>
    <update id="user">
        UPDATE T_MEMBER
         SET AUTHORITY=0
          ,UPDATE_ID=#{updateId}
          ,UPDATE_DATE=SYSDATE
      WHERE ID=#{id}  AND DELETE_AT=1
    </update>
 

</mapper>